CODIGO FRICON;EQUIPO;ORIGEN;CAPACIDAD;CARPETA;ARCHIVO PDF;FOTO
CAC-DSP-01;DESPULPADORA DE MAZORCAS DE CACAO;Nacional;8 kg;01 FERMENTACION Y SECADO;CAC-DSP-01 DESPULPADORA-DE-MAZORCAS-DE-CACAO.pdf;SIN FOTO
CAC-FER-01;CAJÓN FERMENTADOR PARA CACAO;Nacional;2 o 3 compartimientos;01 FERMENTACION Y SECADO;CAC-FER-01 CAJON-FERMENTADOR-PARA-CACAO.pdf;SIN FOTO
CAC-MAR-01;MARQUESINA DE SECADO PARA CACAO;Nacional;6,00 x 2,50 x 2,50 m;01 FERMENTACION Y SECADO;CAC-MAR-01 MARQUESINA-DE-SECADO-PARA-CACAO.pdf;SIN FOTO
CAC-SEC-01;SECADORA DE GRANO PREMIUM;Nacional;10, 20 o 30 kg;01 FERMENTACION Y SECADO;CAC-SEC-01 SECADORA-DE-GRANO-PREMIUM.pdf;SIN FOTO
CAC-ZAR-01;ZARANDA PARA CACAO;Nacional;Varias medidas disponibles;01 FERMENTACION Y SECADO;CAC-ZAR-01 ZARANDA-PARA-CACAO.pdf;SIN FOTO
CAC-ENF-01;ENFRIADOR DE CACAO PREMIUM;Nacional;10, 20 o 30 kg;02 TOSTION Y ENFRIADO;CAC-ENF-01 ENFRIADOR-DE-CACAO-PREMIUM.pdf;SIN FOTO
CAC-ENF-02;BANDEJA ENFRIADORA DE GRANO;Importado;10 kg/batch;02 TOSTION Y ENFRIADO;CAC-ENF-02 BANDEJA-ENFRIADORA-DE-GRANO.pdf;SIN FOTO
CAC-TOS-01;TOSTADOR COMERCIAL 10 KG;Importado;10 kg/batch;02 TOSTION Y ENFRIADO;CAC-TOS-01 TOSTADOR-COMERCIAL-10-KG.pdf;SIN FOTO
CAC-TOS-02;TOSTADOR DE CACAO 1,7 KG;Importado;1,7 kg;02 TOSTION Y ENFRIADO;CAC-TOS-02 TOSTADOR-DE-CACAO-17-KG.pdf;SIN FOTO
CAC-TOS-03;TOSTADOR DE CACAO MINI;Nacional;Uso artesanal;02 TOSTION Y ENFRIADO;CAC-TOS-03 TOSTADOR-DE-CACAO-MINI.pdf;SIN FOTO
CAC-TOS-04;TOSTADOR DE CACAO PREMIUM;Nacional;10, 20 o 30 kg;02 TOSTION Y ENFRIADO;CAC-TOS-04 TOSTADOR-DE-CACAO-PREMIUM.pdf;SIN FOTO
CAC-TOS-05;TOSTADOR DE CACAO TRADICIONAL;Nacional;15 o 25 kg;02 TOSTION Y ENFRIADO;CAC-TOS-05 TOSTADOR-DE-CACAO-TRADICIONAL.pdf;SIN FOTO
CAC-CLA-01;CLASIFICADORA DE GRANO PREMIUM;Nacional;30 kg/hora;03 DESCASCARILLADO Y CLASIFICACION;CAC-CLA-01 CLASIFICADORA-DE-GRANO-PREMIUM.pdf;SIN FOTO
CAC-DSC-01;DESCASCARILLADORA COMERCIAL;Importado;100 kg/hora;03 DESCASCARILLADO Y CLASIFICACION;CAC-DSC-01 DESCASCARILLADORA-COMERCIAL.pdf;SIN FOTO
CAC-DSC-02;DESCASCARILLADORA DE CACAO MANUAL;Nacional;8 kg;03 DESCASCARILLADO Y CLASIFICACION;CAC-DSC-02 DESCASCARILLADORA-DE-CACAO-MANUAL.pdf;SIN FOTO
CAC-DSC-03;DESCASCARILLADORA DE CACAO PREMIUM;Nacional;10, 20 o 30 kg;03 DESCASCARILLADO Y CLASIFICACION;CAC-DSC-03 DESCASCARILLADORA-DE-CACAO-PREMIUM.pdf;SIN FOTO
CAC-DSC-04;DESCASCARILLADORA DE CACAO TRADICIONAL;Nacional;15 kg;03 DESCASCARILLADO Y CLASIFICACION;CAC-DSC-04 DESCASCARILLADORA-DE-CACAO-TRADICIONAL.pdf;SIN FOTO
CAC-DSC-05;DESCASCARILLADORA DELUXE DE GRANO;Importado;15 kg/hora;03 DESCASCARILLADO Y CLASIFICACION;CAC-DSC-05 DESCASCARILLADORA-DELUXE-DE-GRANO.pdf;SIN FOTO
CAC-DSC-06;DESCASCARILLADORA TRADICIONAL DE GRANO;Importado;5 o 10 kg/hora;03 DESCASCARILLADO Y CLASIFICACION;CAC-DSC-06 DESCASCARILLADORA-TRADICIONAL-DE-GRANO.pdf;SIN FOTO
CAC-PAR-01;PARTIDOR MANUAL DE GRANO;Importado;15 kg/hora;03 DESCASCARILLADO Y CLASIFICACION;CAC-PAR-01 PARTIDOR-MANUAL-DE-GRANO.pdf;SIN FOTO
CAC-PAR-02;PARTIDOR POWER AUTOMÁTICO DE GRANO;Importado;30 kg/hora;03 DESCASCARILLADO Y CLASIFICACION;CAC-PAR-02 PARTIDOR-POWER-AUTOMATICO-DE-GRANO.pdf;SIN FOTO
CAC-ACC-01;TAMBOR PEQUEÑO PARA REFINADOR ECGC;Importado;0,5 - 1 kg/batch;04 MOLIENDA Y REFINACION;CAC-ACC-01 TAMBOR-PEQUENO-PARA-REFINADOR-ECGC.pdf;SIN FOTO
CAC-MOL-01;MOLINO COLOIDAL PARA GRANOS;Importado;10-15 o 20-25 kg/hora;04 MOLIENDA Y REFINACION;CAC-MOL-01 MOLINO-COLOIDAL-PARA-GRANOS.pdf;SIN FOTO
CAC-MOL-02;MOLINO INDUSTRIAL PARA GRANOS;Nacional;30 kg/hora;04 MOLIENDA Y REFINACION;CAC-MOL-02 MOLINO-INDUSTRIAL-PARA-GRANOS.pdf;SIN FOTO
CAC-PRF-01;PRE-REFINADOR PARA GRANOS;Importado;8 kg/hora;04 MOLIENDA Y REFINACION;CAC-PRF-01 PRE-REFINADOR-PARA-GRANOS.pdf;SIN FOTO
CAC-PUL-01;PULVERIZADORA MULTIUSOS;Importado;2,5 kg/batch;04 MOLIENDA Y REFINACION;CAC-PUL-01 PULVERIZADORA-MULTIUSOS.pdf;SIN FOTO
CAC-REF-01;REFINADOR DE PIEDRA PREMIUM;Nacional;10, 20 o 30 kg;04 MOLIENDA Y REFINACION;CAC-REF-01 REFINADOR-DE-PIEDRA-PREMIUM.pdf;SIN FOTO
CAC-REF-02;REFINADOR ECGC-12SL;Importado;4,5 kg/batch;04 MOLIENDA Y REFINACION;CAC-REF-02 REFINADOR-ECGC-12SL.pdf;SIN FOTO
CAC-REF-03;REFINADOR ECGC-12SLTA;Importado;4,5 kg/batch;04 MOLIENDA Y REFINACION;CAC-REF-03 REFINADOR-ECGC-12SLTA.pdf;SIN FOTO
CAC-REF-04;REFINADOR ECGC-12SQSS;Importado;5 kg/batch;04 MOLIENDA Y REFINACION;CAC-REF-04 REFINADOR-ECGC-12SQSS.pdf;SIN FOTO
CAC-REF-05;REFINADOR ECGC-65E;Importado;30-100 kg/batch;04 MOLIENDA Y REFINACION;CAC-REF-05 REFINADOR-ECGC-65E.pdf;SIN FOTO
CAC-REF-06;REFINADOR DE BALINES PREMIUM;Nacional;10, 20 o 30 kg;04 MOLIENDA Y REFINACION;CAC-REF-06 REFINADOR-DE-BALINES-PREMIUM.pdf;SIN FOTO
CAC-PRE-01;PRENSA DE EXTRACCIÓN EGT-45;Importado;1 o 13 kg/hora;05 PRENSADO Y EXTRACCION;CAC-PRE-01 PRENSA-DE-EXTRACCION-EGT-45.pdf;SIN FOTO
CAC-PRE-02;PRENSA DE EXTRACCIÓN NGT-175;Nacional;2 o 4 kg/batch;05 PRENSADO Y EXTRACCION;CAC-PRE-02 PRENSA-DE-EXTRACCION-NGT-175.pdf;SIN FOTO
CAC-GRA-01;GRAGEADORA BAÑADORA EGB-65;Importado;2 kg/batch;06 TEMPERADO Y CHOCOLATERIA;CAC-GRA-01 GRAGEADORA-BANADORA-EGB-65.pdf;SIN FOTO
CAC-GRA-02;GRAGEADORA BAÑADORA NGB-154;Nacional;5, 10, 20 o 30 kg;06 TEMPERADO Y CHOCOLATERIA;CAC-GRA-02 GRAGEADORA-BANADORA-NGB-154.pdf;SIN FOTO
CAC-MAN-01;MANTENEDOR PARA CHOCOLATE;Nacional;3 litros;06 TEMPERADO Y CHOCOLATERIA;CAC-MAN-01 MANTENEDOR-PARA-CHOCOLATE.pdf;SIN FOTO
CAC-MEV-01;MESA VIBRADORA PREMIUM;Nacional;1,50 x 0,70 x 0,90 m;06 TEMPERADO Y CHOCOLATERIA;CAC-MEV-01 MESA-VIBRADORA-PREMIUM.pdf;SIN FOTO
CAC-MEV-02;MESA VIBRADORA TRADICIONAL;Nacional;0,90 x 0,60 m;06 TEMPERADO Y CHOCOLATERIA;CAC-MEV-02 MESA-VIBRADORA-TRADICIONAL.pdf;SIN FOTO
CAC-MEZ-01;MEZCLADOR DE CACAO;Nacional;10, 20 o 30 kg;06 TEMPERADO Y CHOCOLATERIA;CAC-MEZ-01 MEZCLADOR-DE-CACAO.pdf;SIN FOTO
CAC-MSG-01;MESÓN DE GRANITO PARA TEMPERAR;Nacional;1,00 x 0,60 m;06 TEMPERADO Y CHOCOLATERIA;CAC-MSG-01 MESON-DE-GRANITO-PARA-TEMPERAR.pdf;SIN FOTO
CAC-TEM-01;TEMPERADORA AUTOMÁTICA CCT;Importado;6 kg/15 min;06 TEMPERADO Y CHOCOLATERIA;CAC-TEM-01 TEMPERADORA-AUTOMATICA-CCT.pdf;SIN FOTO
CAC-TEM-02;TEMPERADORA DE SIEMBRA DE MANTECA;Importado;300 g de manteca;06 TEMPERADO Y CHOCOLATERIA;CAC-TEM-02 TEMPERADORA-DE-SIEMBRA-DE-MANTECA.pdf;SIN FOTO
CAC-TEM-03;TEMPERADORA INDUSTRIAL TRADICIONAL;Nacional;5 o 10 kg/batch;06 TEMPERADO Y CHOCOLATERIA;CAC-TEM-03 TEMPERADORA-INDUSTRIAL-TRADICIONAL.pdf;SIN FOTO
CAC-TEM-04;TEMPERADORA PORTÁTIL DE MANTECA;Importado;500 g de manteca;06 TEMPERADO Y CHOCOLATERIA;CAC-TEM-04 TEMPERADORA-PORTATIL-DE-MANTECA.pdf;SIN FOTO
CAC-RFS-01;REFRIGERADOR DE FRÍO SECO;Nacional;480, 650 o 1180 litros;07 CONSERVACION Y EMPAQUE;CAC-RFS-01 REFRIGERADOR-DE-FRIO-SECO.pdf;SIN FOTO
CAC-SEL-01;SELLADORA MANUAL;Nacional;Sello de 2 mm de ancho;07 CONSERVACION Y EMPAQUE;CAC-SEL-01 SELLADORA-MANUAL.pdf;SIN FOTO
CAC-MSA-01;MESÓN DE ACERO INOXIDABLE GRADO 304;Nacional;1,40 x 0,70 m o 2,00 x 0,70 m;08 MOBILIARIO;CAC-MSA-01 MESON-DE-ACERO-INOXIDABLE-GRADO-304.pdf;SIN FOTO
CAC-GUI-01;GUILLOTINA DE CORTE PARA PRUEBA DE GRANO;Importado;50 granos/corte;09 INSTRUMENTOS DE CONTROL;CAC-GUI-01 GUILLOTINA-DE-CORTE-PARA-PRUEBA-DE-GRANO.pdf;SIN FOTO
CAC-MED-01;MEDIDOR DE HUMEDAD DE GRANO;Importado;Grano de cacao y café;09 INSTRUMENTOS DE CONTROL;CAC-MED-01 MEDIDOR-DE-HUMEDAD-DE-GRANO.pdf;SIN FOTO
CAC-MIC-01;MICRÓMETRO DIGITAL PARA CHOCOLATE;Importado;Resolución de 1 µm;09 INSTRUMENTOS DE CONTROL;CAC-MIC-01 MICROMETRO-DIGITAL-PARA-CHOCOLATE.pdf;SIN FOTO
CAC-PUN-01;PUNZÓN O CALADOR PARA MUESTREO;Nacional;Muestreo de sacos y lotes;09 INSTRUMENTOS DE CONTROL;CAC-PUN-01 PUNZON-O-CALADOR-PARA-MUESTREO.pdf;SIN FOTO
CAC-THG-01;TERMOHIGRÓMETRO DIGITAL;Importado;-10 °C a +50 °C / 10% a 99% HR;09 INSTRUMENTOS DE CONTROL;CAC-THG-01 TERMOHIGROMETRO-DIGITAL.pdf;SIN FOTO
